{
    "variants": {
        "distance=1": [
			{ "model": "block/pale_oak_leaves" }
		],
        "distance=2": [
			{ "model": "block/pale_oak_leaves" }
		],
        "distance=3": [
			{ "model": "block/pale_oak_leaves" }
		],
        "distance=4": [
			{ "model": "block/pale_oak_leaves" }
		],
        "distance=5": [
			{ "model": "block/pale_oak_leaves" }
		],
        "distance=6": [
			{ "model": "block/pale_oak_leaves" }
		],
        "distance=7": [
			{ "model": "block/pale_oak_leaves" }
		]
    }
}
