{
	"credit": "Made with Blockbench",
	"ambientocclusion": false,
	"render_type": "minecraft:cutout",
	"textures": {
		"1": "farmersdelight:block/exclamationmark",
		"particle": "farmersdelight:block/budding_tomatoes_stage3",
		"cross": "farmersdelight:block/budding_tomatoes_stage3"
	},
	"elements": [
		{
			"from": [0.8, -1, 8],
			"to": [15.2, 15, 8],
			"shade": false,
			"rotation": {"angle": 45, "axis": "y", "origin": [8, 8, 8], "rescale": true},
			"faces": {
				"north": {"uv": [0, 0, 16, 16], "texture": "#cross"},
				"south": {"uv": [0, 0, 16, 16], "texture": "#cross"}
			}
		},
		{
			"from": [8, -1, 0.8],
			"to": [8, 15, 15.2],
			"shade": false,
			"rotation": {"angle": 45, "axis": "y", "origin": [8, 8, 8], "rescale": true},
			"faces": {
				"east": {"uv": [0, 0, 16, 16], "texture": "#cross"},
				"west": {"uv": [0, 0, 16, 16], "texture": "#cross"}
			}
		},
		{
			"from": [7, 26, 7],
			"to": [9, 32, 9],
			"faces": {
				"north": {"uv": [7, 2, 9, 8], "texture": "#1"},
				"east": {"uv": [7, 2, 9, 8], "texture": "#1"},
				"south": {"uv": [7, 2, 9, 8], "texture": "#1"},
				"west": {"uv": [7, 2, 9, 8], "texture": "#1"},
				"up": {"uv": [7, 9, 9, 11], "texture": "#1"},
				"down": {"uv": [7, 9, 9, 11], "texture": "#1"}
			}
		},
		{
			"from": [7, 22, 7],
			"to": [9, 24, 9],
			"faces": {
				"north": {"uv": [7, 9, 9, 11], "texture": "#1"},
				"east": {"uv": [7, 9, 9, 11], "texture": "#1"},
				"south": {"uv": [7, 9, 9, 11], "texture": "#1"},
				"west": {"uv": [7, 9, 9, 11], "texture": "#1"},
				"up": {"uv": [7, 9, 9, 11], "texture": "#1"},
				"down": {"uv": [7, 9, 9, 11], "texture": "#1"}
			}
		}
	]
}